{
  "error": 0,
  "data": {
    "IoPCAS": {
      "CZ_fid": [
        0.968,
        0.945,
        0.923,
        0.942,
        0.937,
        0.956,
        0.942,
        0.924,
        0.943
      ],
      "CZ_length": [
        41.45,
        38.56,
        36,
        33.5,
        35,
        36.35,
        37.57,
        35.5,
        31.5
      ],
      "Ec": [
        0.25,
        0.207000000000001,
        0.251,
        0.206,
        0.250682,
        0.203,
        0.2515,
        0.2035,
        0.2462,
        0.208
      ],
      "MeasureFids": [
        [
          0.989466666666667,
          0.9272
        ],
        [
          0.985733333333333,
          0.909533333333333
        ],
        [
          0.988466666666667,
          0.923733333333333
        ],
        [
          0.956933333333333,
          0.915933333333333
        ],
        [
          0.974733333333333,
          0.8314
        ],
        [
          0.968,
          0.871933333333333
        ],
        [
          0.980133333333333,
          0.907533333333334
        ],
        [
          0.964533333333333,
          0.919866666666667
        ],
        [
          0.985133333333333,
          0.936933333333333
        ],
        [
          0.968666666666667,
          0.912533333333333
        ]
      ],
      "Pi_length": [
        40,
        40,
        40,
        40,
        40,
        40,
        40,
        40,
        40,
        40
      ],
      "StaticStatusTime": "2022-09-05T00:57:52.566000+00Z",
      "T1": [
        43.791,
        52.936,
        21.665,
        39.791,
        14.855,
        32.009,
        28.804,
        26.005,
        24.139,
        24.784
      ],
      "T2": [
        11.1386925998512,
        2.25714892314345,
        4.35923748720831,
        3.71955414280187,
        4.66356841018017,
        1.48627239168168,
        5.21282854079028,
        1.49162440216404,
        3.04733837974488,
        1.39577713208046
      ],
      "agentver": "66eb501a5bdd",
      "available_CZgates": [
        "q1q2",
        "q2q3",
        "q3q4",
        "q4q5",
        "q5q6",
        "q6q7",
        "q7q8",
        "q8q9",
        "q9q10"
      ],
      "available_qubits": [
        "q1",
        "q2",
        "q3",
        "q4",
        "q5",
        "q6",
        "q7",
        "q8",
        "q9",
        "q10"
      ],
      "f10": [
        5.456,
        4.424,
        5.606,
        4.327,
        5.473,
        4.412,
        5.392,
        4.319,
        5.49,
        4.442
      ],
      "readout_frequency": [
        6.6634,
        6.646,
        6.6276,
        6.608,
        6.5933,
        6.5706,
        6.5545,
        6.5318,
        6.5109,
        6.4905
      ],
      "single_qubit_gate_fid": [
        0.9845,
        0.9968,
        0.9921,
        0.9904,
        0.9969,
        0.9914,
        0.9807,
        0.9981,
        0.9994,
        0.999
      ],
      "services": {
        "en": null,
        "zh": null
      },
      "tables": [
        [
          {
            "dataIndex": "available_qubits",
            "title": {
              "en": "AvailableQubits",
              "zh": "可用的量子比特"
            },
            "tips": {
              "en": "List of available single qubits",
              "zh": "可用的单量子比特列表"
            },
            "precision": null,
            "dynamic": false,
            "percent": false
          },
          {
            "dataIndex": "f10",
            "title": {
              "en": "f10(GHz)",
              "zh": "比特频率(GHz)"
            },
            "tips": {
              "en": "Qubit frequency, the difference in energy between the ground state |0> and excited states |1>",
              "zh": "量子比特的频率，即基态|0>和激发态|1>之间的能量差"
            },
            "precision": 3,
            "dynamic": false,
            "percent": false
          },
          {
            "dataIndex": "Ec",
            "title": {
              "en": "Ec(GHz)",
              "zh": "电容能量(GHz)"
            },
            "tips": {
              "en": "Anharmonicity of qubit",
              "zh": "量子比特的非谐性"
            },
            "precision": 3,
            "dynamic": false,
            "percent": false
          },
          {
            "dataIndex": "T1",
            "title": {
              "en": "T1(μs)",
              "zh": "能量弛豫时间(μs)"
            },
            "tips": {
              "en": "Energy relaxation time of qubit",
              "zh": "量子比特的振幅退相干时间"
            },
            "precision": 1,
            "dynamic": false,
            "percent": false
          },
          {
            "dataIndex": "T2",
            "title": {
              "en": "T2(μs)",
              "zh": "相位退相干时间(μs)"
            },
            "tips": {
              "en": "Dephasing time of qubit",
              "zh": "量子比特的相位退相干时间"
            },
            "precision": 1,
            "dynamic": false,
            "percent": false
          },
          {
            "dataIndex": "readout_frequency",
            "title": {
              "en": "ReadoutFrequency(GHz)",
              "zh": "读取频率(GHz)"
            },
            "tips": {
              "en": "Readout Frequency",
              "zh": "读取量子比特状态所使用的读取脉冲频率"
            },
            "precision": 3,
            "dynamic": false,
            "percent": false
          },
          {
            "dataIndex": "Pi_length",
            "title": {
              "en": "PiLen(ns)",
              "zh": "Pi脉冲时长(ns)"
            },
            "tips": {
              "en": "Length of single-qubit gate",
              "zh": "单量子比特逻辑门操控的门长"
            },
            "precision": 3,
            "dynamic": false,
            "percent": false
          },
          {
            "dataIndex": "single_qubit_gate_fid",
            "title": {
              "en": "SingleQubitGateFid",
              "zh": "单比特门保真度"
            },
            "tips": {
              "en": "Average fidelity of single qubit logic gates",
              "zh": "单量子比特逻辑门的平均保真度"
            },
            "precision": 2,
            "dynamic": true,
            "percent": true
          },
          {
            "dataIndex": "MeasureFids",
            "title": {
              "en": "measureFids",
              "zh": "读取保真度"
            },
            "tips": {
              "en": "Readout fidelity of |0> and |1> of qubit",
              "zh": "量子比特|0>态和|1>态的读取保真度"
            },
            "precision": 1,
            "dynamic": true,
            "percent": true
          }
        ],
        [
          {
            "dataIndex": "available_CZgates",
            "title": {
              "en": "AvailableCZgate",
              "zh": "可用的CZ门"
            },
            "tips": {
              "en": "List of available two-qubit CZ gates",
              "zh": "可用的双量子比特CZ门列表"
            },
            "precision": null,
            "dynamic": false,
            "percent": false
          },
          {
            "dataIndex": "CZ_fid",
            "title": {
              "en": "CZFid",
              "zh": "保真度"
            },
            "tips": {
              "en": "Fidelity of two-qubit CZ gates",
              "zh": "双量子比特CZ门的保真度"
            },
            "precision": 2,
            "dynamic": true,
            "percent": true
          },
          {
            "dataIndex": "CZ_length",
            "title": {
              "en": "CZLength",
              "zh": "时长"
            },
            "tips": {
              "en": "Length of two-qubit CZ gates",
              "zh": "双量子比特CZ门操控的门长"
            },
            "precision": 2,
            "dynamic": true,
            "percent": false
          }
        ]
      ],
      "queue": 0,
      "state": "Maintenance",
      "card": {
        "name": {
          "en": "Institute of Physics, CAS QPU",
          "zh": "中科院物理所 QPU"
        },
        "identifier": {
          "en": "Device Identifier: CloudIoPCAS",